account_id,client_id
1,9042c0dc-933f-450d-a955-61fb1606d760
2,a9db38d1-9a2f-4935-8daf-182360bb9381
3,8b3a83a0-e87c-49a6-b9ff-dd64b86e530c
4,e5b3aa15-14c0-486b-92b8-59a69d9f6456
5,67af897a-3bf0-4f90-8c50-9580decc9f69
6,a62a9ec0-0e03-48bd-a9d4-4ec736d72de1
7,488468ab-f1c8-4e63-8e13-30bd57ddd9fe
8,8078b6d0-ce59-4a31-985e-f2440749eb09
9,0f35dc04-abde-4d31-99af-62e3f97b422c
10,0f0ea346-b584-4562-8dc8-e3d1fce69052
11,56854129-a7b8-429e-a9b5-6db93d11fc94
12,9042c0dc-933f-450d-a955-61fb1606d760
13,7375515d-3bb5-4280-b12e-1a14beba732e
14,3467de0e-44b7-4480-88bc-4aea79f74b65
15,1a0d28a8-0951-48c6-aeb9-23530eca99ac
16,e24042ec-453c-49ff-b7ee-ae67a7c726ce
17,d41c2545-2ad9-4d82-8c7d-37acfbd0b6fe
18,ed555901-d3c9-4efc-9825-5da48aa40c09
19,a62a9ec0-0e03-48bd-a9d4-4ec736d72de1
20,dff2fccc-ac78-436b-aeea-e8a9afa04466
21,1c245945-9f1d-4dde-99e0-a7da490af4e8
22,a62a9ec0-0e03-48bd-a9d4-4ec736d72de1
23,193cdf6c-fee5-41c4-9e35-768d5d0663b3
24,488468ab-f1c8-4e63-8e13-30bd57ddd9fe
25,9042c0dc-933f-450d-a955-61fb1606d760
26,de9e299f-af85-4556-84f4-367c5878e39d
27,0f0ea346-b584-4562-8dc8-e3d1fce69052
28,f03e2a3f-d6e5-4361-b912-618ff54301bd
29,67af897a-3bf0-4f90-8c50-9580decc9f69
30,345ea166-8301-47ac-acab-b78beaedadca
31,1713b730-d6f4-4469-818e-0fec368aa372
32,1bbb6b50-409f-47a3-ab16-d2bf2b224971
33,0f35dc04-abde-4d31-99af-62e3f97b422c
34,6789fb7f-f2fc-4029-8268-7f99bb408a75
35,e70e8a65-2923-440b-98e7-b4fb1ab8e246
36,d30a5f69-5b6c-46fe-aa3b-60a7f0f4c753
37,1c245945-9f1d-4dde-99e0-a7da490af4e8
38,d41c2545-2ad9-4d82-8c7d-37acfbd0b6fe
39,e70e8a65-2923-440b-98e7-b4fb1ab8e246
40,a7266ca6-4244-42f9-921e-0c5e11279e95
41,404f337f-1b05-43c6-8056-5aadef8c12fa
42,b8a4168d-d8cc-4c35-8f90-e41d9acb2f29
43,193cdf6c-fee5-41c4-9e35-768d5d0663b3
44,f03e2a3f-d6e5-4361-b912-618ff54301bd
45,b8a4168d-d8cc-4c35-8f90-e41d9acb2f29
46,a9db38d1-9a2f-4935-8daf-182360bb9381
47,35d047bb-00e0-4825-8752-e02829425698
48,dff2fccc-ac78-436b-aeea-e8a9afa04466
49,b5aea2f6-ca5b-4e5c-a62f-dcaaaf7b2433
50,a9f19673-534d-4323-bb3e-59e1c9eef28e
51,14067c8d-e019-443f-b07b-46ea4c40397f
52,bff27162-0c62-43f3-b5d2-fa7e790a20e6
53,7e1bee26-ff77-4422-ac54-5cfb8a876680
54,d30a5f69-5b6c-46fe-aa3b-60a7f0f4c753
55,d41c2545-2ad9-4d82-8c7d-37acfbd0b6fe
56,8078b6d0-ce59-4a31-985e-f2440749eb09
57,f418519e-0e93-4c98-aead-4821dd104a25
58,d30a5f69-5b6c-46fe-aa3b-60a7f0f4c753
59,7e1bee26-ff77-4422-ac54-5cfb8a876680
60,1a0d28a8-0951-48c6-aeb9-23530eca99ac
61,8078b6d0-ce59-4a31-985e-f2440749eb09
62,e94d0dc2-74f1-4469-8b5f-b7111bd179b2
63,e70e8a65-2923-440b-98e7-b4fb1ab8e246
64,6789fb7f-f2fc-4029-8268-7f99bb408a75
65,3467de0e-44b7-4480-88bc-4aea79f74b65
66,d48f153b-9cc7-4ca7-9627-061948b6f05e
67,488468ab-f1c8-4e63-8e13-30bd57ddd9fe
68,6789fb7f-f2fc-4029-8268-7f99bb408a75
69,d48f153b-9cc7-4ca7-9627-061948b6f05e
70,14067c8d-e019-443f-b07b-46ea4c40397f
71,be0222a9-2d57-443a-8266-c5911ad4472b
72,be0222a9-2d57-443a-8266-c5911ad4472b
73,a9f19673-534d-4323-bb3e-59e1c9eef28e
74,be0222a9-2d57-443a-8266-c5911ad4472b
75,88ed92dd-2100-42c5-be18-283efda407d7
76,35d047bb-00e0-4825-8752-e02829425698
77,56854129-a7b8-429e-a9b5-6db93d11fc94
78,a9f19673-534d-4323-bb3e-59e1c9eef28e
79,d3705151-07cb-485b-8ea1-9686866a1fc9
80,bff27162-0c62-43f3-b5d2-fa7e790a20e6
81,bff27162-0c62-43f3-b5d2-fa7e790a20e6
82,1c245945-9f1d-4dde-99e0-a7da490af4e8
83,7375515d-3bb5-4280-b12e-1a14beba732e
84,1713b730-d6f4-4469-818e-0fec368aa372
85,14067c8d-e019-443f-b07b-46ea4c40397f
86,b8a4168d-d8cc-4c35-8f90-e41d9acb2f29
87,ed555901-d3c9-4efc-9825-5da48aa40c09
88,75866875-5067-4902-9900-dbe1d485e928
89,7e1bee26-ff77-4422-ac54-5cfb8a876680
90,35d047bb-00e0-4825-8752-e02829425698
91,b5aea2f6-ca5b-4e5c-a62f-dcaaaf7b2433
92,a9db38d1-9a2f-4935-8daf-182360bb9381
93,dff2fccc-ac78-436b-aeea-e8a9afa04466
94,9b57434f-f1e8-4d3b-81b3-29213b27e6ba
95,c9c04b89-5460-4696-b5a2-ddc148fae08b
96,9b57434f-f1e8-4d3b-81b3-29213b27e6ba
97,e94d0dc2-74f1-4469-8b5f-b7111bd179b2
98,fef4da3f-0345-4cdf-9208-5fad775e0acd
99,193cdf6c-fee5-41c4-9e35-768d5d0663b3
100,3467de0e-44b7-4480-88bc-4aea79f74b65
